customer_id,customer_name,age,place,state,country,mobile,book_date
201,Samantha Russell,73,Gardnermouth,Michigan,Cape Verde,9417384932,2025-07-23
202,Jordan Cook,61,North Barbaraside,Michigan,Ecuador,1952766357,2025-07-23
203,Matthew Combs,27,Port Lisaland,Connecticut,Wallis and Futuna,3096043181,2025-07-23
204,William Scott,41,Lake Louis,Utah,Ghana,5045812379,2025-07-23
205,Brianna Potter,60,Lorihaven,Wyoming,Mongolia,1802341737,2025-07-23
206,Darlene Evans,33,Garciastad,Oklahoma,Lesotho,336229604,2025-07-23
207,Amy Rodgers,65,Port Timothyport,New Mexico,Guam,529992849,2025-07-23
208,Dylan Whitehead,23,Port John,Arizona,Bangladesh,4723358792,2025-07-23
209,Phillip Myers,70,West Pamelashire,Hawaii,Slovenia,5829557329,2025-07-23
210,Matthew Velasquez,74,South Stephaniefurt,Utah,Pitcairn Islands,2635283469,2025-07-23
211,Evan Joseph,58,East Jamie,Arkansas,French Southern Territories,2506566129,2025-07-23
212,Michael Stewart,21,South Tracyfort,North Dakota,Luxembourg,6289495326,2025-07-23
213,Lindsey Fitzgerald,66,Shawnfort,West Virginia,Bangladesh,1320472693,2025-07-23
214,Bianca Landry,51,Port Kimberlyburgh,Tennessee,Moldova,7215381591,2025-07-23
215,Janet Villegas,42,Riveraland,Alaska,Lebanon,7761024005,2025-07-23
216,Sandra Sanders,52,Randallview,Arizona,Gabon,4810998644,2025-07-23
217,Melissa Graham,37,Mcneilview,Oregon,Uzbekistan,1481780933,2025-07-23
218,Cynthia Gilbert,27,Port Denisestad,New Hampshire,Italy,8841722803,2025-07-23
219,Kelly Robertson,59,North Samanthahaven,Maine,Bolivia,893154314,2025-07-23
220,Christopher Anderson,67,Ballardstad,Arizona,Thailand,961650572,2025-07-23
221,Makayla Perry,36,Buckleymouth,New York,Poland,9501269120,2025-07-23
222,Clifford Bartlett,67,North Josephside,Louisiana,Singapore,2300088175,2025-07-23
223,Peter Todd,71,Lake Terryhaven,Rhode Island,Saudi Arabia,878326584,2025-07-23
224,Tammy Bauer,42,East Joseph,Missouri,French Southern Territories,7188888829,2025-07-23
225,Christine Wade,41,Howelltown,New Mexico,Niue,9474582701,2025-07-23
226,John Buchanan,26,Port Brandonville,Georgia,Portugal,6425021255,2025-07-23
227,Sarah Foley,52,Freemanview,Hawaii,Yemen,715204572,2025-07-23
228,Kristine Thompson,39,Jamiebury,Connecticut,Botswana,8471941417,2025-07-23
229,Ronald Rodriguez,51,Newtonstad,Rhode Island,Reunion,7457010814,2025-07-23
230,Megan Weber,25,East Andrewchester,Colorado,Liberia,6344601511,2025-07-23
231,Russell Taylor,58,Jameshaven,Colorado,Heard Island and McDonald Islands,2222569898,2025-07-23
232,Lisa Lopez,28,New Alyssatown,Nevada,Mauritius,6524654923,2025-07-23
233,Samantha Drake,69,East Anthony,Kansas,Togo,2091797013,2025-07-23
234,Amanda Martinez,55,South Robert,Indiana,Tunisia,7110393629,2025-07-23
235,Patricia Higgins,42,Pamelashire,Indiana,Greenland,5521660927,2025-07-23
236,Stephanie Molina,45,Kellerland,Michigan,India,9532423461,2025-07-23
237,Deborah Rogers,21,Richardberg,Mississippi,Bahamas,1209570175,2025-07-23
238,Lauren Harris,65,West Jamiemouth,Montana,Japan,8572791955,2025-07-23
239,Eileen Bean,26,Vargasfort,North Carolina,Ghana,5787020363,2025-07-23
240,Jennifer Schmidt,47,North Meredithberg,Indiana,Australia,5664807466,2025-07-23
241,Brian Hale,60,Wolfeview,Louisiana,Mauritius,7056057388,2025-07-23
242,Chelsey Mitchell,19,Johnborough,Kansas,Sao Tome and Principe,3214630015,2025-07-23
243,Taylor Francis,40,Lauraland,South Dakota,Bhutan,6661790652,2025-07-23
244,Steven Johnson,46,Brownmouth,Minnesota,Morocco,738261193,2025-07-23
245,Amanda Hernandez,73,Maryside,Illinois,Zambia,9802747474,2025-07-23
246,Sierra Liu,65,East Kellyville,Ohio,Moldova,3360137668,2025-07-23
247,Matthew Jones,65,Lake Amyfurt,Missouri,Bangladesh,2885225899,2025-07-23
248,Mark Brewer,64,Melaniehaven,Kansas,Ukraine,2759917206,2025-07-23
249,Mrs. Emily Gonzalez,63,South Jesusland,Connecticut,Solomon Islands,7361256528,2025-07-23
250,Joel Hess,60,Dickersonton,Vermont,Cyprus,3109329531,2025-07-23
251,Robert Melendez,46,East Emily,Idaho,Greece,6066433117,2025-07-23
252,Jorge Hamilton,37,Lake Sharonbury,California,Angola,8348385209,2025-07-23
253,Roger Barr,45,North Lauratown,South Carolina,Mauritius,3905543868,2025-07-23
254,Brian Owens,68,South Steven,Wisconsin,Cote d'Ivoire,7999949023,2025-07-23
255,Pamela Allen,67,New Diane,Georgia,Serbia,4586004673,2025-07-23
256,Laura Kaufman,19,Lake Lisamouth,Indiana,British Virgin Islands,9188222021,2025-07-23
257,Jo Mendoza,28,Lake Jenniferside,Idaho,Albania,5804832599,2025-07-23
258,Mark Evans,51,Lisafurt,New Jersey,Barbados,9719913988,2025-07-23
259,Samantha Hudson,38,South Jaclynhaven,Louisiana,Montserrat,1390438210,2025-07-23
260,Angelica Rangel,73,Ryanview,New Mexico,Saint Helena,8154346170,2025-07-23
261,Steven Williams,51,Barbaratown,Montana,Saint Kitts and Nevis,6945200940,2025-07-23
262,John Powers,50,Frenchview,North Carolina,Netherlands Antilles,3534069925,2025-07-23
263,Angel Leon,53,Kaylaport,Washington,Germany,4817839849,2025-07-23
264,Brenda Young,26,Jessicachester,North Carolina,Montenegro,9135538469,2025-07-23
265,Shawn Ramos,39,Loriborough,North Carolina,Seychelles,5072969392,2025-07-23
266,Michael Jackson,50,Stevenmouth,Arizona,United Kingdom,3619483746,2025-07-23
267,Brandon Barber,24,Douglastown,North Carolina,Guinea,1250098203,2025-07-23
268,Linda Garcia,52,Aaronburgh,Delaware,Serbia,3636952223,2025-07-23
269,Rebecca Ruiz,64,East Toddville,Kentucky,French Polynesia,4595667491,2025-07-23
270,Rebecca Kelly,41,Christianberg,California,Svalbard & Jan Mayen Islands,6175522854,2025-07-23
271,Amber Hall,32,Michaelfort,California,South Africa,5931819200,2025-07-23
272,Nathan Sweeney,75,South Kevin,Pennsylvania,Brazil,9675117535,2025-07-23
273,William Jackson,54,Jamesport,Texas,Germany,171841706,2025-07-23
274,Scott Hess,39,Wadefort,Wyoming,Luxembourg,1838164066,2025-07-23
275,Robert Carr,23,Millerside,New Mexico,Azerbaijan,3411475180,2025-07-23
276,Meghan Cobb,35,Cooleyburgh,South Carolina,Mauritius,4299123660,2025-07-23
277,Jennifer Booker,50,Millerburgh,Maryland,Panama,9260915699,2025-07-23
278,Nancy Crawford,33,Charlesstad,New Hampshire,Switzerland,1312844270,2025-07-23
279,Mr. James Mason,31,North Joanne,West Virginia,Belarus,2962419991,2025-07-23
280,Amanda Flores,74,Port Jonathan,Connecticut,China,1969259467,2025-07-23
281,Gregory Burch,38,North Nancyburgh,West Virginia,Swaziland,2691244791,2025-07-23
282,Jennifer King,34,North Adamton,Oklahoma,Cameroon,3947463336,2025-07-23
283,Shelly West PhD,43,Richardberg,New Jersey,Mali,6429625756,2025-07-23
284,Christopher Munoz,20,Fitzgeraldhaven,Texas,Cayman Islands,9016061299,2025-07-23
285,April Meyer,50,North Melissahaven,Colorado,Panama,7580298162,2025-07-23
286,Brett Baker,23,Lake Kellymouth,Illinois,Bosnia and Herzegovina,4868475505,2025-07-23
287,Micheal Christensen,30,Teresaland,Ohio,Maldives,1270948823,2025-07-23
288,Justin Nguyen,50,Jonesport,Texas,Egypt,487111477,2025-07-23
289,Kathleen Adkins,30,Lake Markview,New York,Ukraine,914244681,2025-07-23
290,Debra Adams,66,New Ryan,Illinois,Guyana,1784082125,2025-07-23
291,Kathleen Wilson,75,Michelleborough,Oregon,Belize,1597868445,2025-07-23
292,Alexis Spencer,75,Valdezmouth,Massachusetts,Puerto Rico,142984996,2025-07-23
293,Kelsey Ramirez,19,Ryanfort,New Jersey,French Guiana,9236880075,2025-07-23
294,Kristine Palmer,30,Mistyfurt,Tennessee,Norfolk Island,3005447237,2025-07-23
295,April Buckley,35,East Jennifer,Illinois,Montenegro,3005179513,2025-07-23
296,Dawn West,54,Vaughanshire,Wisconsin,Bangladesh,6948906404,2025-07-23
297,Scott Woods,32,Williamstown,New Hampshire,Faroe Islands,1579537027,2025-07-23
298,Timothy Spencer,23,Donaldsonfurt,Maine,Turkey,6679514220,2025-07-23
299,Leah King,56,West Alexandrafort,New York,Morocco,3059892859,2025-07-23
300,Tracie Eaton,38,Dudleytown,Michigan,Anguilla,6375076404,2025-07-23
